block2_crop_transform_ms,block2_encode_ms,block2_grid_ms,block2_heads_ms,block2_total_ms,label,n_crops,output_persistence_ms,run,total_ms,wbc_crop_extraction_ms,yolo_inference_ms
195.666599,105.5326620003143,77.24399100015944,4.734503999770823,188.152497,out_of_domain,95,167.29378,0,1574.885618,304.94362399999994,716.700074
196.540673,102.51314599963735,76.8275000000358,4.775503000018944,184.722668,out_of_domain,95,167.185055,1,1572.937186,306.76803099999995,715.629739
197.748978,103.94958699998824,75.93701099995087,4.731272999833891,185.189153,out_of_domain,95,166.83428699999996,2,1579.821286,305.71360400000003,722.221616
196.541802,104.23604900006467,76.19475900037287,4.737162999845168,185.778203,out_of_domain,95,166.67380500000002,3,1590.150583,305.359892,733.653405
196.323165,105.32415199986644,76.26876099993751,4.7436919999199745,187.001436,out_of_domain,95,166.73528100000001,4,1580.306509,304.535222,723.6071649999999
196.631853,101.36065400001826,76.9221809996452,4.721545999927912,183.609492,out_of_domain,95,166.75012200000003,5,1613.327846,304.713878,759.469771
196.070031,105.7478650000121,76.59651499989195,4.777075000220066,187.832437,out_of_domain,95,166.53398399999998,6,1621.825988,304.079203,765.216078
196.878785,90.07283799974175,76.29446099963388,6.173853000291274,173.203008,out_of_domain,95,166.88913399999998,7,1589.677554,304.641701,745.920169
196.156438,100.64833500018722,77.04686999977639,4.743375000089145,183.04222,out_of_domain,95,166.86793100000003,8,1649.375168,305.903673,795.3211180000001
196.538012,101.41270900021482,77.02409199964677,4.708105999725376,183.749347,out_of_domain,95,166.59332,9,1594.405375,304.66990300000003,740.6973569999999
194.6955,91.64989999999307,76.11004599993976,4.73489400019389,173.205887,out_of_domain,95,166.71585199999998,10,1551.486509,305.276935,709.5051510000001
195.629411,97.66115200000058,76.92767800017464,4.748754000047484,180.031413,out_of_domain,95,167.057326,11,1613.087762,305.149042,763.156942
196.207084,96.6530440000497,77.07170399999086,4.730510999706894,179.062163,out_of_domain,95,166.94443500000003,12,1646.126935,306.19873600000005,795.5841249999999
195.982436,98.56994200026747,77.22683900010452,4.739376000088669,181.281899,out_of_domain,95,167.500143,13,1562.492645,306.776729,708.7534559999999
195.948425,94.14479199995185,77.22134100004041,4.714636999779032,176.862869,out_of_domain,95,166.542645,14,1602.409779,306.792703,754.1206189999999
195.968065,96.2671910001518,76.29634900013116,4.6955630000411475,177.853365,out_of_domain,95,166.282975,15,1604.789125,303.75443100000007,758.2385400000001
197.491276,101.90866199991433,82.4346899999,7.243550000112009,192.219539,out_of_domain,95,166.900067,16,1614.907557,303.699052,752.483553
197.37185,90.42414599980475,75.82329900014884,4.739986999993562,171.587616,out_of_domain,95,166.65896200000003,17,1568.107716,304.35895100000005,725.954307
195.368857,96.67207299980873,75.71701899996697,4.710542000339046,177.717196,out_of_domain,95,166.71110600000003,18,1606.525273,304.024007,760.4453440000001
195.736407,98.73503399967376,76.35932499988485,4.702637999798753,180.395964,out_of_domain,95,166.770296,19,1583.773199,304.52298500000006,734.195459
195.297511,97.6282239998909,76.9075379998867,6.316250000054424,181.445283,out_of_domain,95,166.80362399999999,20,1588.95103,304.55065499999995,738.61123
195.763572,93.93614200007505,76.99485200009804,4.733682999813027,176.260796,out_of_domain,95,166.79947,21,1590.437454,304.63782699999996,744.8228340000001
196.058925,106.88843600019027,76.20440400023654,4.7339389998342085,188.446678,out_of_domain,95,166.72360099999997,22,1584.712493,304.988361,726.316881
195.056777,105.3086599999915,76.83368599964524,4.714865000096324,187.531806,out_of_domain,95,166.39792799999998,23,1615.345347,303.73737400000005,760.4860119999998
194.721406,96.64560600003824,76.84364199985794,4.726706999917951,178.841998,out_of_domain,95,167.054196,24,1586.728258,304.06099300000005,739.834012
197.643926,102.2782120003285,75.89278800014654,4.774970000198664,183.537673,out_of_domain,95,167.69548300000002,25,1600.075964,305.388244,743.78327
196.691633,101.40125799989619,77.03004700033489,4.715890000170475,183.735504,out_of_domain,95,167.266115,26,1608.219405,305.777722,752.702401
197.056786,102.8322219999609,76.73243700037347,4.716656999789848,184.868763,out_of_domain,95,166.522718,27,1608.807281,305.19503,753.0989429999998
195.822439,91.39762699987841,75.6350649999149,5.489475000103994,173.148307,out_of_domain,95,167.116731,28,1553.180208,304.133603,710.889673
196.585436,97.22763499985376,76.02030799989734,4.9469319997115235,178.7844,out_of_domain,95,166.60409,29,1606.931144,304.36190799999997,758.47394
197.029288,104.019992999838,76.1519790003149,4.726996000044892,185.4763,out_of_domain,95,167.0392,30,1608.961496,305.04455,752.249863
197.069426,102.68636299997524,76.05875199988077,4.7474469997723645,184.1051,out_of_domain,95,167.455396,31,1580.446691,304.541481,725.15927
196.738314,97.29571999969266,76.05958700014526,4.702833000010287,178.656978,out_of_domain,95,166.72454199999999,32,1587.985839,303.95567700000004,739.7299079999999
196.884008,102.35793800029569,75.80646499991417,5.564047000007122,184.356285,out_of_domain,95,166.79879800000003,33,1605.234372,305.091435,749.941352
196.252751,100.0299190000078,75.96776999980648,4.781373000241729,181.382253,out_of_domain,95,166.712743,34,1564.249091,305.15683499999994,712.638376
195.775889,98.72957199968369,75.88129500027208,4.952756999955454,180.194406,out_of_domain,95,166.531153,35,1604.836595,305.12519000000003,755.0917260000001
196.291873,98.86818599989056,75.79715799965925,4.7335899998870445,180.000527,out_of_domain,95,166.56851,36,1557.850969,305.223488,707.638234
195.836965,100.49492500002088,75.74899300016114,4.708851000032155,181.549815,out_of_domain,95,166.599207,37,1598.446406,305.24519399999997,747.081858
196.307567,101.66012200033947,76.05931199987026,4.763738000292506,183.089247,out_of_domain,95,166.33977900000002,38,1606.102163,304.914977,753.335147
197.120523,101.80606500034628,75.49558299979253,4.723445000308857,182.608603,out_of_domain,95,166.91023800000002,39,1608.552035,305.685947,754.138229
195.959495,96.44534599965482,76.43505099986214,5.647837000196887,179.211438,out_of_domain,95,166.57531200000003,40,1588.999641,304.940948,740.183852
198.105924,103.65546100001666,75.50058100014212,4.752888999973948,184.501786,out_of_domain,95,166.957452,41,1607.375108,304.759362,750.92813
196.411217,104.37425700001768,76.10492599997087,4.740982999919652,185.808861,out_of_domain,95,166.49383699999998,42,1607.466359,304.07536300000004,752.5997199999999
197.451118,100.74278299998696,75.94960899996295,4.691056999945431,181.962477,out_of_domain,95,166.80562700000002,43,1602.327429,305.140165,748.8761199999999
196.030753,104.08557900018423,75.47366800008604,4.706995000105962,184.854232,out_of_domain,95,166.960246,44,1609.606674,305.712353,753.8817329999999
197.145768,102.51011800028209,75.75342300015109,4.756602999805182,183.621192,out_of_domain,95,166.701875,45,1587.327596,305.36340800000005,732.378113
195.599496,94.74379599987515,76.58106600001702,4.732118999982049,176.661421,out_of_domain,95,166.66782400000002,46,1584.335503,305.05748200000005,738.255724
197.208473,90.08957800006101,75.48010599975896,4.681230999722175,170.887392,out_of_domain,95,167.16422300000002,47,1595.570974,307.76918400000005,750.3931990000001
195.026427,91.29295699995055,75.73713599958865,4.800673000318056,172.448713,out_of_domain,95,167.097175,48,1594.355044,304.12922799999996,753.464252
196.146755,103.34583200028646,76.62117100016985,6.083964999561431,186.687061,out_of_domain,95,166.605105,49,1598.405199,303.001646,743.764919
194.31596,91.67867999985901,76.66201099982572,4.667117000280996,173.611065,out_of_domain,95,166.55536999999998,50,1592.41692,303.58627799999994,752.147123
196.344421,94.77027100001578,76.4755850000256,6.352196999614534,178.23213,out_of_domain,95,166.96618400000003,51,1598.466438,303.5936459999999,751.1649070000001
196.353738,96.68760999966253,76.10932299985507,4.674767000324209,178.06113,out_of_domain,95,166.77051199999997,52,1624.974771,304.24385700000005,777.39671
196.32039,91.09562200001164,76.09162600010677,6.168458000047394,173.985431,out_of_domain,95,166.80917499999998,53,1594.010274,304.47493499999996,750.224089
195.135002,105.35973400010334,75.44788299992433,6.121571000221593,187.514331,out_of_domain,95,166.916874,54,1618.330538,302.959098,763.627568
195.080566,102.42564100008167,76.58987600007094,4.722806000245328,184.331818,out_of_domain,95,167.14279499999998,55,1588.116455,303.12030899999996,736.279305
196.464193,108.13412800007427,77.29804600012358,4.69000099974437,190.940759,out_of_domain,95,167.402356,56,1564.075306,304.25740899999994,702.821148
195.513689,94.23298199999408,77.11229100004857,4.77129299997614,176.891561,out_of_domain,95,167.419739,57,1603.213554,304.10180399999996,757.076137
194.334221,94.4925419998981,76.68410099995526,4.6719829997527995,176.470957,out_of_domain,95,166.769242,58,1619.053849,303.61651900000004,775.7073620000001
195.827274,91.95876199964914,75.96738799975356,4.828004999581026,173.350755,out_of_domain,95,166.663019,59,1591.542301,303.488025,750.066191
195.51043,89.24565999996048,75.66609699961191,4.692689999956201,170.195285,out_of_domain,95,166.912626,60,1521.017647,303.811787,682.413951
195.952576,99.13348200007022,76.06705199987118,4.737528000077873,180.535686,out_of_domain,95,166.870861,61,1608.386531,303.68905,759.1658470000001
195.831824,100.82387500006007,76.77499700002954,4.715061000297283,182.889634,out_of_domain,95,166.87614399999998,62,1589.529982,303.872152,737.8479689999999
195.624147,98.35724200002005,76.16726000014751,4.767260000335227,179.877544,out_of_domain,95,166.88878599999998,63,1559.000641,304.056852,710.3915870000001
194.641219,101.824471999862,76.86918699982925,4.733079000288853,184.079379,out_of_domain,95,166.936157,64,1603.207791,304.169959,751.2049810000001
194.629732,90.04898100010905,76.14533800006029,6.323906000034185,173.120265,out_of_domain,95,166.83553500000002,65,1536.175548,305.159003,694.2259230000001
196.611304,93.22365600019111,76.18345599985332,4.712501000085467,174.707571,out_of_domain,95,166.58583299999998,66,1605.132224,303.96164699999997,761.0921089999999
195.25053,93.34741900011068,76.40758599973196,4.7395769997820025,175.128595,out_of_domain,95,167.051822,67,1580.895807,303.906216,737.398263
196.044823,102.59917999974277,76.15868600032627,4.72818299977007,184.077688,out_of_domain,95,166.44447200000002,68,1604.44683,302.982944,752.6859560000001
194.763228,102.53155500004141,75.73270300008517,6.048890000329266,184.925813,out_of_domain,95,166.83445,69,1586.786515,303.78405599999996,734.343613
194.623176,103.2452600002216,76.13500199977352,4.706132000137586,184.662512,out_of_domain,95,166.665913,70,1549.481038,303.27377599999994,698.078062
194.966331,105.63316500019937,75.68511200042849,4.71819799986406,186.750595,out_of_domain,95,166.85954199999998,71,1610.324073,303.985146,755.620607
195.42528,98.19994300005419,75.86238700014292,4.700723000041762,179.336354,out_of_domain,95,166.87535200000002,72,1553.986325,303.713746,706.46644
195.786838,97.69510199976139,75.89743200014709,4.720407000149862,178.904323,out_of_domain,95,167.00984100000002,73,1600.764986,303.297655,753.527861
195.767252,95.93673199969999,75.48710099990785,5.711943999813229,177.705364,out_of_domain,95,166.709668,74,1551.333628,303.24824,705.74109
195.992597,94.53601399991385,76.65191200021582,5.516139000064868,177.320156,out_of_domain,95,166.671549,75,1588.978178,303.59750799999995,743.1958810000001
195.281294,92.79940699980216,75.8215820001169,6.023669999649428,175.226473,out_of_domain,95,166.699459,76,1573.772556,303.636429,730.730916
194.805353,104.7718560002977,76.61558799964041,4.675759999827278,186.636408,out_of_domain,95,166.78932700000001,77,1605.234437,303.150852,751.696943
194.81233,96.96050000002288,75.80654100001993,4.734680000183289,178.146519,out_of_domain,95,166.76187099999999,78,1547.923294,303.313504,702.746676
195.332152,104.78981099959128,75.68748299991057,4.8161320000872365,185.897388,out_of_domain,95,166.962922,79,1580.932922,303.89455,726.697144
195.514451,97.98913199983872,75.98490300006233,4.759676000048785,179.343368,out_of_domain,95,166.412476,80,1565.772265,304.263055,718.0913380000001
195.043662,104.61084200005644,76.57458999983646,4.690384999776143,186.469953,out_of_domain,95,166.826329,81,1607.161718,304.081457,752.5533710000001
194.65903,91.18454700001166,76.09685599982186,4.6895860000404355,172.585768,out_of_domain,95,166.548849,82,1594.954103,303.38858999999997,755.6361290000001
193.679975,105.51494400033334,76.69931300006283,6.090240000048652,188.918827,out_of_domain,95,166.42130999999998,83,1599.304219,303.10781199999997,745.0052230000001
193.359352,94.3416850000176,75.43384700011302,4.687664999892149,175.049203,out_of_domain,95,166.744111,84,1603.178266,304.023469,761.8375580000001
194.663288,105.02735199997915,75.78996399979587,4.683345000103145,186.12965,out_of_domain,95,166.189178,85,1605.579743,302.621952,753.8103940000001
194.646038,104.3709040000067,75.39889899999253,4.699314999925264,185.067221,out_of_domain,95,167.165775,86,1595.363108,304.05870799999997,742.280765
195.065973,105.11171699999977,75.53565499983961,6.014740999944479,187.263193,out_of_domain,95,165.977438,87,1600.776067,303.11354300000005,747.174317
195.369154,99.32129700018777,75.99146599977757,4.678447999594937,180.564992,out_of_domain,95,166.925129,88,1554.226952,303.752231,705.3890369999999
194.863543,94.84703999987687,76.73707999992985,6.107714000336273,178.305396,out_of_domain,95,166.31400000000002,89,1541.882451,303.1123,697.075784
195.448462,104.610268000215,75.96755800022947,4.720470000393107,185.888272,out_of_domain,95,168.517716,90,1612.246948,302.75000600000004,757.496353
194.903902,93.42545500021515,76.59078599999702,4.6731039997212065,175.276855,out_of_domain,95,166.59535200000002,91,1600.59471,303.11297099999996,758.5277659999999
195.000685,95.3227580002931,75.47148599996945,5.520396000065375,176.911848,out_of_domain,95,166.780053,92,1609.266516,302.899278,765.508992
195.575714,90.81278299981932,76.57881700015423,4.731928000182961,172.710302,out_of_domain,95,166.960175,93,1592.204073,303.13655900000003,751.640361
195.667183,104.39135700016777,76.47396999982448,4.691122000167525,186.147448,out_of_domain,95,166.73537699999997,94,1610.291825,303.2421140000001,756.311641
194.533577,98.85639899994203,75.98605800012592,4.671630999837362,180.076602,out_of_domain,95,167.24991699999998,95,1586.639996,303.764814,738.844239
195.368421,89.43126799977108,76.52793000033853,4.668718000175431,171.227173,out_of_domain,95,166.772756,96,1589.535464,303.45219199999997,750.54078
194.537533,96.26602500020454,76.68132200024047,5.664681999860477,179.293298,out_of_domain,95,167.300878,97,1595.905234,303.27000400000003,749.3608300000001
194.420003,89.50047000007544,76.55582799998228,4.749605000142765,171.400838,out_of_domain,95,166.29531,98,1571.125092,302.930888,733.9149669999999
193.405972,105.43160800034457,75.45752299984088,4.667857999720582,186.120306,out_of_domain,95,166.52698999999998,99,1596.566748,302.39428100000003,745.931474
