run,session_image_loading_ms,yolo_inference_ms,wbc_crop_extraction_ms,crop_preprocessing_ms,block2_encode_ms,block2_heads_ms,block2_grid_ms,result_rendering_ms,output_persistence_ms,total_analysis_ms,artifact_flush_ms,number_of_fields,number_of_wbc,backend,final_result,label,tier,number_of_classified_leukocytes,timestamp
0,0.414,851.235,336.836,223.78,111.452,4.794,77.48,0.307,359.923,1972.127797,3.217981,9,95,tensorrt_fp16,no_decision,out_of_domain,none,95,2026-09-12T14:14:40.192017+01:00
1,0.379,758.47,331.097,226.107,98.972,6.359,77.076,0.301,358.327,1862.64288,3.134264,9,95,tensorrt_fp16,no_decision,out_of_domain,none,95,2026-09-12T14:14:42.058226+01:00
2,0.406,764.598,343.256,229.484,133.595,4.879,76.596,0.338,376.694,1935.330447,3.25584,9,95,tensorrt_fp16,no_decision,out_of_domain,none,95,2026-09-12T14:14:43.997244+01:00
3,0.393,763.468,333.553,220.54,101.109,4.894,75.849,0.301,363.642,1869.275972,3.738876,9,95,tensorrt_fp16,no_decision,out_of_domain,none,95,2026-09-12T14:14:45.870694+01:00
4,0.403,788.692,336.646,222.481,93.575,9.358,81.158,0.304,369.154,1907.321151,3.217597,9,95,tensorrt_fp16,no_decision,out_of_domain,none,95,2026-09-12T14:14:47.781635+01:00
5,0.384,819.821,336.839,221.569,110.392,5.405,82.874,0.33,360.717,1943.924813,3.430698,9,95,tensorrt_fp16,no_decision,out_of_domain,none,95,2026-09-12T14:14:49.729421+01:00
6,0.401,778.888,334.885,225.715,114.283,4.821,76.545,0.305,364.09,1905.572918,4.581519,9,95,tensorrt_fp16,no_decision,out_of_domain,none,95,2026-09-12T14:14:51.640089+01:00
7,0.428,795.377,334.838,227.106,136.001,4.933,78.084,0.314,358.278,1941.251023,3.34519,9,95,tensorrt_fp16,no_decision,out_of_domain,none,95,2026-09-12T14:14:53.585177+01:00
8,0.4,773.567,330.211,221.499,115.751,4.935,77.263,0.3,358.981,1888.636868,4.195545,9,95,tensorrt_fp16,no_decision,out_of_domain,none,95,2026-09-12T14:14:55.478450+01:00
9,0.386,773.724,328.08,223.164,103.976,4.777,77.947,0.3,351.224,1869.214877,3.348774,9,95,tensorrt_fp16,no_decision,out_of_domain,none,95,2026-09-12T14:14:57.351456+01:00
10,0.386,813.38,338.889,219.074,105.082,5.022,77.158,0.301,355.233,1920.092923,3.247585,9,95,tensorrt_fp16,no_decision,out_of_domain,none,95,2026-09-12T14:14:59.275233+01:00
11,0.383,804.714,336.994,220.395,94.386,4.897,78.017,0.299,366.741,1912.479857,3.370792,9,95,tensorrt_fp16,no_decision,out_of_domain,none,95,2026-09-12T14:15:01.191541+01:00
12,0.382,781.318,332.302,224.46,114.237,4.817,77.091,0.295,362.81,1903.249701,4.567984,9,95,tensorrt_fp16,no_decision,out_of_domain,none,95,2026-09-12T14:15:03.099794+01:00
13,0.39,770.683,328.536,227.178,95.086,6.142,77.333,0.298,332.705,1843.827563,1.936115,9,95,tensorrt_fp16,no_decision,out_of_domain,none,95,2026-09-12T14:15:04.946089+01:00
14,0.434,774.848,334.012,228.214,96.768,4.72,77.904,0.304,355.512,1878.488972,3.225088,9,95,tensorrt_fp16,no_decision,out_of_domain,none,95,2026-09-12T14:15:06.828226+01:00
15,0.427,808.077,331.913,225.72,110.088,6.305,84.208,0.332,356.808,1929.600612,4.226812,9,95,tensorrt_fp16,no_decision,out_of_domain,none,95,2026-09-12T14:15:08.762556+01:00
16,0.419,771.25,330.092,223.449,98.878,5.527,77.266,0.303,368.074,1881.212787,3.381034,9,95,tensorrt_fp16,no_decision,out_of_domain,none,95,2026-09-12T14:15:10.647627+01:00
17,0.408,790.116,336.052,224.341,128.994,6.185,77.225,0.303,358.013,1927.19587,3.34212,9,95,tensorrt_fp16,no_decision,out_of_domain,none,95,2026-09-12T14:15:12.578598+01:00
18,0.389,811.771,341.107,221.994,97.402,4.834,77.136,0.303,373.21,1933.820416,3.367754,9,95,tensorrt_fp16,no_decision,out_of_domain,none,95,2026-09-12T14:15:14.516215+01:00
19,0.406,731.582,336.173,222.66,114.43,4.818,76.921,0.298,370.358,1863.146444,3.635769,9,95,tensorrt_fp16,no_decision,out_of_domain,none,95,2026-09-12T14:15:16.383420+01:00
20,0.388,755.866,331.711,221.782,95.033,5.641,77.671,0.303,368.732,1862.831876,3.265059,9,95,tensorrt_fp16,no_decision,out_of_domain,none,95,2026-09-12T14:15:18.249956+01:00
21,0.403,784.491,328.366,218.258,119.998,4.806,76.412,0.296,576.818,2115.425762,3.26378,9,95,tensorrt_fp16,no_decision,out_of_domain,none,95,2026-09-12T14:15:20.369058+01:00
22,0.387,809.709,338.579,223.537,98.022,4.874,77.556,0.327,361.725,1920.392296,3.433295,9,95,tensorrt_fp16,no_decision,out_of_domain,none,95,2026-09-12T14:15:22.293317+01:00
23,0.371,767.319,338.554,223.541,111.416,5.38,85.013,0.303,356.071,1893.736181,2.17085,9,95,tensorrt_fp16,no_decision,out_of_domain,none,95,2026-09-12T14:15:24.189704+01:00
24,0.403,775.246,332.562,218.312,113.04,4.769,76.67,0.302,356.239,1883.32443,3.305415,9,95,tensorrt_fp16,no_decision,out_of_domain,none,95,2026-09-12T14:15:26.076793+01:00
25,0.391,779.621,324.975,226.241,95.836,5.793,76.958,0.3,334.876,1850.751056,3.394829,9,95,tensorrt_fp16,no_decision,out_of_domain,none,95,2026-09-12T14:15:27.931388+01:00
26,0.379,851.182,344.457,226.685,115.601,4.932,76.391,0.31,361.939,1987.644657,3.342602,9,95,tensorrt_fp16,no_decision,out_of_domain,none,95,2026-09-12T14:15:29.922938+01:00
27,0.411,780.072,329.967,227.88,106.663,5.2,76.662,0.324,333.636,1866.785738,2.129281,9,95,tensorrt_fp16,no_decision,out_of_domain,none,95,2026-09-12T14:15:31.792329+01:00
28,0.376,778.878,327.686,227.811,108.963,5.257,76.708,0.355,361.599,1893.219691,3.038712,9,95,tensorrt_fp16,no_decision,out_of_domain,none,95,2026-09-12T14:15:33.688994+01:00
29,0.389,746.96,326.761,220.668,109.179,4.895,79.116,0.305,326.428,1820.40285,2.233863,9,95,tensorrt_fp16,no_decision,out_of_domain,none,95,2026-09-12T14:15:35.512051+01:00
30,0.393,795.673,334.825,225.202,91.306,4.841,77.164,0.298,345.329,1880.717313,3.327401,9,95,tensorrt_fp16,no_decision,out_of_domain,none,95,2026-09-12T14:15:37.396514+01:00
31,0.382,779.448,338.662,221.49,110.705,4.811,81.564,0.315,340.59,1883.800288,3.540631,9,95,tensorrt_fp16,no_decision,out_of_domain,none,95,2026-09-12T14:15:39.284327+01:00
32,0.421,771.906,331.068,219.81,98.273,4.762,77.463,0.299,353.367,1863.312395,3.179201,9,95,tensorrt_fp16,no_decision,out_of_domain,none,95,2026-09-12T14:15:41.151275+01:00
33,0.384,813.095,341.643,219.261,103.471,6.256,83.223,0.299,387.991,1961.354216,3.730691,9,95,tensorrt_fp16,no_decision,out_of_domain,none,95,2026-09-12T14:15:43.116834+01:00
34,0.411,798.758,335.883,220.615,108.022,4.828,75.678,0.299,367.845,1918.115313,3.444881,9,95,tensorrt_fp16,no_decision,out_of_domain,none,95,2026-09-12T14:15:45.038860+01:00
35,0.403,776.732,336.938,221.56,114.413,5.921,76.473,0.325,364.487,1903.080871,3.286727,9,95,tensorrt_fp16,no_decision,out_of_domain,none,95,2026-09-12T14:15:46.945747+01:00
36,0.563,775.423,335.821,220.931,126.375,4.849,77.103,0.303,364.737,1912.023627,2.30606,9,95,tensorrt_fp16,no_decision,out_of_domain,none,95,2026-09-12T14:15:48.860541+01:00
37,0.391,737.652,327.06,223.507,109.912,4.73,77.042,0.302,348.385,1834.640649,2.87355,9,95,tensorrt_fp16,no_decision,out_of_domain,none,95,2026-09-12T14:15:50.698507+01:00
38,0.42,764.07,326.387,219.679,93.533,6.442,76.241,0.302,350.841,1843.81269,3.032249,9,95,tensorrt_fp16,no_decision,out_of_domain,none,95,2026-09-12T14:15:52.545773+01:00
39,0.388,818.0,334.201,220.413,99.08,4.831,77.258,0.301,349.572,1910.065332,3.040921,9,95,tensorrt_fp16,no_decision,out_of_domain,none,95,2026-09-12T14:15:54.459329+01:00
40,0.389,780.85,330.705,219.564,122.328,4.739,76.199,0.303,346.099,1886.931889,3.271368,9,95,tensorrt_fp16,no_decision,out_of_domain,none,95,2026-09-12T14:15:56.349976+01:00
41,0.417,767.144,333.071,222.841,98.855,5.569,77.054,0.301,358.622,1869.721044,3.373998,9,95,tensorrt_fp16,no_decision,out_of_domain,none,95,2026-09-12T14:15:58.223514+01:00
42,0.401,803.581,341.516,225.859,97.046,5.017,81.934,0.315,378.52,1940.124672,2.667747,9,95,tensorrt_fp16,no_decision,out_of_domain,none,95,2026-09-12T14:16:00.166780+01:00
43,0.408,771.304,323.562,225.248,100.203,4.812,76.828,0.306,332.266,1840.629243,3.223749,9,95,tensorrt_fp16,no_decision,out_of_domain,none,95,2026-09-12T14:16:02.011076+01:00
44,0.384,773.668,335.324,229.2,112.221,5.271,83.67,0.311,350.597,1896.782371,1.915062,9,95,tensorrt_fp16,no_decision,out_of_domain,none,95,2026-09-12T14:16:03.910226+01:00
45,0.427,721.511,323.018,225.275,110.902,6.114,77.489,0.304,334.091,1804.859904,3.19738,9,95,tensorrt_fp16,no_decision,out_of_domain,none,95,2026-09-12T14:16:05.718738+01:00
46,0.383,742.835,324.901,220.921,107.176,6.214,75.719,0.3,334.191,1818.368847,3.482325,9,95,tensorrt_fp16,no_decision,out_of_domain,none,95,2026-09-12T14:16:07.541014+01:00
47,0.404,736.766,334.377,223.972,98.068,5.279,79.724,0.3,355.234,1839.85732,3.394544,9,95,tensorrt_fp16,no_decision,out_of_domain,none,95,2026-09-12T14:16:09.384697+01:00
48,0.394,763.589,338.014,221.228,103.853,4.904,77.554,0.306,363.196,1878.73208,3.200357,9,95,tensorrt_fp16,no_decision,out_of_domain,none,95,2026-09-12T14:16:11.267055+01:00
49,0.405,813.074,335.752,226.128,94.268,4.934,77.498,0.313,367.179,1925.29519,3.577084,9,95,tensorrt_fp16,no_decision,out_of_domain,none,95,2026-09-12T14:16:13.196408+01:00
50,0.422,852.395,336.681,225.305,103.19,4.912,79.211,0.318,353.378,1961.871612,2.232681,9,95,tensorrt_fp16,no_decision,out_of_domain,none,95,2026-09-12T14:16:15.161011+01:00
51,0.419,745.211,331.974,225.96,94.352,4.867,76.756,0.3,353.868,1839.574994,3.079165,9,95,tensorrt_fp16,no_decision,out_of_domain,none,95,2026-09-12T14:16:17.004090+01:00
52,0.394,755.017,341.659,226.935,122.134,5.196,85.687,0.298,378.523,1922.032254,2.296558,9,95,tensorrt_fp16,no_decision,out_of_domain,none,95,2026-09-12T14:16:18.928891+01:00
53,0.426,753.129,332.765,224.111,106.332,4.908,77.695,0.303,359.952,1865.567296,3.35035,9,95,tensorrt_fp16,no_decision,out_of_domain,none,95,2026-09-12T14:16:20.798278+01:00
54,0.409,761.654,332.965,222.158,99.277,4.709,81.156,0.303,356.24,1864.485136,3.036347,9,95,tensorrt_fp16,no_decision,out_of_domain,none,95,2026-09-12T14:16:22.666237+01:00
55,0.407,798.065,332.805,226.153,110.176,4.725,77.111,0.304,344.317,1899.701953,3.262954,9,95,tensorrt_fp16,no_decision,out_of_domain,none,95,2026-09-12T14:16:24.569615+01:00
56,0.39,802.156,338.438,236.364,100.633,5.249,84.947,0.331,349.758,1923.991026,3.871791,9,95,tensorrt_fp16,no_decision,out_of_domain,none,95,2026-09-12T14:16:26.497927+01:00
57,0.649,751.602,326.332,224.49,107.345,5.758,83.497,0.31,343.226,1849.133142,3.202886,9,95,tensorrt_fp16,no_decision,out_of_domain,none,95,2026-09-12T14:16:28.350860+01:00
58,0.401,818.648,323.379,222.614,100.305,5.29,83.807,0.304,349.89,1910.977911,3.330766,9,95,tensorrt_fp16,no_decision,out_of_domain,none,95,2026-09-12T14:16:30.265629+01:00
59,0.412,750.223,334.608,224.177,90.068,4.903,77.176,0.301,363.325,1850.823039,2.972632,9,95,tensorrt_fp16,no_decision,out_of_domain,none,95,2026-09-12T14:16:32.119834+01:00
60,0.387,745.052,333.508,229.955,103.408,7.666,88.893,0.304,363.12,1877.894523,2.287501,9,95,tensorrt_fp16,no_decision,out_of_domain,none,95,2026-09-12T14:16:34.000468+01:00
61,0.447,770.823,325.433,221.043,111.166,4.854,76.986,0.332,344.009,1860.997463,3.236777,9,95,tensorrt_fp16,no_decision,out_of_domain,none,95,2026-09-12T14:16:35.865145+01:00
62,0.407,758.759,329.927,223.933,112.937,4.763,75.512,0.3,356.008,1868.323532,3.332495,9,95,tensorrt_fp16,no_decision,out_of_domain,none,95,2026-09-12T14:16:37.737223+01:00
63,0.379,817.327,337.695,223.361,104.32,4.899,77.021,0.302,358.667,1929.556914,3.119778,9,95,tensorrt_fp16,no_decision,out_of_domain,none,95,2026-09-12T14:16:39.670331+01:00
64,0.378,817.149,345.876,220.031,98.581,4.74,76.161,0.301,372.005,1940.802689,3.176133,9,95,tensorrt_fp16,no_decision,out_of_domain,none,95,2026-09-12T14:16:41.614767+01:00
65,0.385,744.876,330.375,221.798,139.989,4.825,75.976,0.307,364.243,1888.482208,3.168389,9,95,tensorrt_fp16,no_decision,out_of_domain,none,95,2026-09-12T14:16:43.506851+01:00
66,0.392,791.959,327.885,226.589,102.566,4.775,76.74,0.33,353.726,1890.685527,3.102433,9,95,tensorrt_fp16,no_decision,out_of_domain,none,95,2026-09-12T14:16:45.401128+01:00
67,0.406,738.491,325.927,225.115,103.384,6.341,84.235,0.302,339.12,1829.342906,3.225896,9,95,tensorrt_fp16,no_decision,out_of_domain,none,95,2026-09-12T14:16:47.234214+01:00
68,0.39,769.127,334.607,227.222,99.041,8.67,83.464,0.305,344.682,1873.367224,3.353905,9,95,tensorrt_fp16,no_decision,out_of_domain,none,95,2026-09-12T14:16:49.111398+01:00
69,0.407,777.438,335.507,221.91,106.354,7.867,83.496,0.329,367.334,1906.344876,2.270062,9,95,tensorrt_fp16,no_decision,out_of_domain,none,95,2026-09-12T14:16:51.020459+01:00
70,0.393,761.355,323.806,229.631,114.098,4.734,77.483,0.31,327.13,1845.159988,2.324017,9,95,tensorrt_fp16,no_decision,out_of_domain,none,95,2026-09-12T14:16:52.868415+01:00
71,0.391,855.274,341.562,225.936,93.156,5.021,78.978,0.299,365.054,1971.701171,2.706025,9,95,tensorrt_fp16,no_decision,out_of_domain,none,95,2026-09-12T14:16:54.843318+01:00
72,0.396,791.642,334.491,224.466,93.213,4.777,78.646,0.3,364.155,1897.784222,2.281583,9,95,tensorrt_fp16,no_decision,out_of_domain,none,95,2026-09-12T14:16:56.743815+01:00
73,0.396,727.281,322.012,225.031,120.114,5.331,89.417,0.309,334.445,1829.943611,2.849234,9,95,tensorrt_fp16,no_decision,out_of_domain,none,95,2026-09-12T14:16:58.577013+01:00
74,0.428,752.811,327.578,224.816,101.544,5.103,81.11,0.3,326.361,1825.704055,3.01126,9,95,tensorrt_fp16,no_decision,out_of_domain,none,95,2026-09-12T14:17:00.406296+01:00
75,0.508,757.13,336.144,225.856,90.86,4.848,78.402,0.33,374.894,1875.854588,1.838195,9,95,tensorrt_fp16,no_decision,out_of_domain,none,95,2026-09-12T14:17:02.284459+01:00
76,0.389,804.852,331.615,223.432,97.155,4.774,77.512,0.301,354.717,1900.816639,2.401751,9,95,tensorrt_fp16,no_decision,out_of_domain,none,95,2026-09-12T14:17:04.188105+01:00
77,0.397,758.591,333.109,222.479,111.114,4.833,77.075,0.299,357.089,1870.735532,3.193544,9,95,tensorrt_fp16,no_decision,out_of_domain,none,95,2026-09-12T14:17:06.062452+01:00
78,0.388,798.753,329.766,226.046,105.58,4.872,76.195,0.301,333.871,1881.459347,2.123973,9,95,tensorrt_fp16,no_decision,out_of_domain,none,95,2026-09-12T14:17:07.946459+01:00
79,0.398,845.993,336.913,225.608,107.281,4.808,77.236,0.307,367.306,1971.686165,2.027967,9,95,tensorrt_fp16,no_decision,out_of_domain,none,95,2026-09-12T14:17:09.920595+01:00
80,0.406,846.088,327.828,225.67,109.132,4.852,77.422,0.308,353.376,1951.048019,3.365555,9,95,tensorrt_fp16,no_decision,out_of_domain,none,95,2026-09-12T14:17:11.875427+01:00
81,0.411,765.286,332.176,229.447,146.256,7.613,87.784,0.299,361.577,1936.938087,2.454394,9,95,tensorrt_fp16,no_decision,out_of_domain,none,95,2026-09-12T14:17:13.815252+01:00
82,0.416,734.598,328.827,226.265,109.748,4.806,76.182,0.304,351.001,1838.02542,3.109187,9,95,tensorrt_fp16,no_decision,out_of_domain,none,95,2026-09-12T14:17:15.656849+01:00
83,0.403,777.962,331.745,223.568,112.832,5.024,76.174,0.303,355.642,1889.347783,5.023131,9,95,tensorrt_fp16,no_decision,out_of_domain,none,95,2026-09-12T14:17:17.551671+01:00
84,0.433,768.74,331.644,229.633,108.794,4.719,78.082,0.306,344.475,1872.904929,3.251884,9,95,tensorrt_fp16,no_decision,out_of_domain,none,95,2026-09-12T14:17:19.428314+01:00
85,0.453,759.153,324.561,246.543,105.344,5.941,76.341,0.313,338.589,1863.550519,1.265488,9,95,tensorrt_fp16,no_decision,out_of_domain,none,95,2026-09-12T14:17:21.293563+01:00
86,0.407,764.305,342.684,227.011,105.879,4.722,77.522,0.313,389.185,1917.85234,2.138471,9,95,tensorrt_fp16,no_decision,out_of_domain,none,95,2026-09-12T14:17:23.214057+01:00
87,0.448,793.665,327.777,267.845,116.583,6.153,83.835,0.313,336.149,1939.160856,3.34053,9,95,tensorrt_fp16,no_decision,out_of_domain,none,95,2026-09-12T14:17:25.157043+01:00
88,0.493,764.437,341.572,238.276,104.893,5.789,88.484,0.306,351.826,1902.332842,3.029873,9,95,tensorrt_fp16,no_decision,out_of_domain,none,95,2026-09-12T14:17:27.062871+01:00
89,0.414,743.506,326.506,230.549,119.081,5.247,83.763,0.307,355.012,1870.159745,2.522356,9,95,tensorrt_fp16,no_decision,out_of_domain,none,95,2026-09-12T14:17:28.935994+01:00
90,0.425,704.673,330.57,221.545,102.42,5.418,88.498,0.316,352.605,1813.248327,2.322837,9,95,tensorrt_fp16,no_decision,out_of_domain,none,95,2026-09-12T14:17:30.752146+01:00
91,1.083,820.009,331.031,222.423,105.252,4.778,75.738,0.312,355.511,1922.593666,3.425841,9,95,tensorrt_fp16,no_decision,out_of_domain,none,95,2026-09-12T14:17:32.678659+01:00
92,0.426,808.063,342.182,226.489,99.827,9.588,77.039,0.303,367.758,1937.754035,3.766929,9,95,tensorrt_fp16,no_decision,out_of_domain,none,95,2026-09-12T14:17:34.620628+01:00
93,0.409,773.804,320.266,223.059,95.836,4.847,77.499,0.308,317.011,1818.809653,2.961077,9,95,tensorrt_fp16,no_decision,out_of_domain,none,95,2026-09-12T14:17:36.442826+01:00
94,0.416,850.28,346.447,232.742,147.343,6.217,79.314,0.306,364.281,2033.242691,2.927381,9,95,tensorrt_fp16,no_decision,out_of_domain,none,95,2026-09-12T14:17:38.479425+01:00
95,0.397,791.757,344.686,223.795,113.642,4.692,76.87,0.327,355.965,1918.203144,3.254965,9,95,tensorrt_fp16,no_decision,out_of_domain,none,95,2026-09-12T14:17:40.401320+01:00
96,0.404,776.849,344.929,221.459,105.022,4.769,76.923,0.31,365.535,1902.032801,3.625621,9,95,tensorrt_fp16,no_decision,out_of_domain,none,95,2026-09-12T14:17:42.307393+01:00
97,0.411,800.303,347.473,226.308,101.228,5.986,75.986,0.33,374.497,1938.397717,2.953208,9,95,tensorrt_fp16,no_decision,out_of_domain,none,95,2026-09-12T14:17:44.249177+01:00
98,0.399,773.461,330.604,227.474,111.152,5.125,84.58,0.306,355.162,1894.184598,4.258101,9,95,tensorrt_fp16,no_decision,out_of_domain,none,95,2026-09-12T14:17:46.148055+01:00
99,0.456,760.881,328.596,246.877,164.467,7.784,89.033,0.302,390.215,1994.724953,2.196763,9,95,tensorrt_fp16,no_decision,out_of_domain,none,95,2026-09-12T14:17:48.145390+01:00
