field,score,tp,iou
slide_20260908_120359_262,0.7606444358825684,1,0.888
slide_20260908_120359_262,0.711020827293396,1,0.86
slide_20260908_120359_262,0.24207507073879242,0,0.0
slide_20260908_120359_262,0.14349539577960968,0,0.0
slide_20260908_120359_262,0.025872334837913513,0,0.0
slide_20260908_120437_110,0.7925128936767578,1,0.734
slide_20260908_120437_110,0.6676846146583557,1,0.859
slide_20260908_120437_110,0.5878663063049316,1,0.796
slide_20260908_120437_110,0.3328483998775482,0,0.0
slide_20260908_120437_110,0.040001656860113144,0,0.0
slide_20260908_120510_174,0.79023677110672,1,0.934
slide_20260908_120510_174,0.731859564781189,1,0.911
slide_20260908_120510_174,0.5922008752822876,1,0.87
slide_20260908_120510_174,0.42836126685142517,1,0.845
slide_20260908_120510_174,0.014924200251698494,0,0.0
slide_20260908_120539_899,0.7264830470085144,1,0.836
slide_20260908_120539_899,0.6657216548919678,1,0.869
slide_20260908_120539_899,0.46617591381073,1,0.808
slide_20260908_120558_695,0.7456042766571045,1,0.857
slide_20260908_120619_584,0.7134820818901062,1,0.865
slide_20260908_120619_584,0.013466591015458107,0,0.0
slide_20260908_120652_019,0.8219649195671082,1,0.792
slide_20260908_120706_280,0.7409464716911316,1,0.857
slide_20260908_120706_280,0.719402551651001,1,0.837
slide_20260908_120706_280,0.6311332583427429,1,0.847
slide_20260908_120724_908,0.8039189577102661,1,0.875
slide_20260908_120738_166,0.7601660490036011,1,0.786
slide_20260908_120738_166,0.7182371616363525,1,0.763
slide_20260908_120800_002,0.7772086262702942,1,0.933
slide_20260908_120800_002,0.6555613875389099,1,0.765
slide_20260908_120848_158,0.7829416990280151,1,0.799
slide_20260908_120928_930,0.7700693011283875,1,0.824
slide_20260908_120928_930,0.44360077381134033,0,0.0
slide_20260908_121013_538,0.602584958076477,1,0.79
slide_20260908_123126_025,0.7949389815330505,1,0.96
slide_20260908_123155_463,0.8583713173866272,1,0.928
slide_20260908_123155_463,0.8145855665206909,1,0.841
slide_20260908_123234_152,0.818248450756073,1,0.868
slide_20260908_123234_152,0.6314836740493774,1,0.836
slide_20260908_123255_739,0.8332090377807617,1,0.859
slide_20260908_123255_739,0.7077280282974243,1,0.895
slide_20260908_123255_739,0.7056362628936768,1,0.869
slide_20260908_123337_792,0.7099141478538513,1,0.759
slide_20260908_123412_896,0.8018951416015625,1,0.91
slide_20260908_123412_896,0.3316347897052765,0,0.0
slide_20260908_123520_515,0.7516525387763977,1,0.89
slide_20260908_123546_279,0.5002081394195557,1,0.77
slide_20260908_123614_357,0.8144696950912476,1,0.843
slide_20260908_123625_129,0.8247277736663818,1,0.878
slide_20260908_123625_129,0.8089722394943237,1,0.869
slide_20260908_123625_129,0.8079455494880676,1,0.688
slide_20260908_123625_129,0.7322333455085754,1,0.773
slide_20260908_123625_129,0.557682991027832,1,0.779
slide_20260908_123625_129,0.14863277971744537,0,0.0
slide_20260908_123625_129,0.07093346118927002,1,0.799
slide_20260908_123646_361,0.865348219871521,1,0.962
slide_20260908_123646_361,0.8191867470741272,1,0.903
slide_20260908_123711_914,0.7947595715522766,1,0.888
slide_20260908_123736_045,0.8497541546821594,1,0.946
slide_20260908_123736_045,0.83502197265625,1,0.945
slide_20260908_123819_538,0.7011983394622803,1,0.776
slide_20260908_123843_472,0.8309983015060425,1,0.894
slide_20260908_123855_321,0.7828837633132935,1,0.741
slide_20260908_123855_321,0.597711980342865,1,0.888
slide_20260908_123922_987,0.7648354172706604,1,0.867
slide_20260908_123922_987,0.7107182741165161,1,0.624
slide_20260908_123922_987,0.5875208377838135,1,0.81
slide_20260908_123942_500,0.7946984767913818,1,0.937
slide_20260908_123942_500,0.6534251570701599,1,0.899
slide_20260908_123942_500,0.1933315545320511,0,0.0
slide_20260908_123954_850,0.7114196419715881,1,0.622
slide_20260908_123954_850,0.6998637914657593,1,0.789
slide_20260908_124015_890,0.7560353875160217,1,0.678
slide_20260908_124015_890,0.5847631096839905,1,0.851
slide_20260908_124015_890,0.4394800066947937,0,0.0
slide_20260908_124015_890,0.34963458776474,1,0.639
slide_20260908_124032_629,0.6827443838119507,1,0.929
slide_20260908_124032_629,0.6437649130821228,1,0.638
slide_20260908_124049_549,0.7941870093345642,1,0.74
slide_20260908_124049_549,0.745873212814331,1,0.915
slide_20260908_124049_549,0.6453204154968262,1,0.902
slide_20260908_124118_181,0.640548050403595,1,0.802
slide_20260908_124118_181,0.5237569808959961,1,0.799
slide_20260908_124118_181,0.5050750374794006,0,0.0
slide_20260908_124118_181,0.48529717326164246,1,0.887
slide_20260908_124118_181,0.4337485134601593,0,0.0
slide_20260908_124118_181,0.011217433959245682,0,0.0
slide_20260908_124210_065,0.6765263080596924,1,0.813
slide_20260908_124210_065,0.46442851424217224,1,0.914
slide_20260908_124210_065,0.10840938240289688,0,0.0
slide_20260908_124227_361,0.7185719013214111,1,0.68
slide_20260908_124227_361,0.6617090702056885,1,0.76
slide_20260908_124227_361,0.4982037842273712,0,0.0
slide_20260908_124227_361,0.46702054142951965,0,0.0
slide_20260908_124251_353,0.5771883726119995,1,0.725
slide_20260908_124251_353,0.1752706915140152,1,0.776
slide_20260908_130229_684,0.7394958138465881,1,0.869
slide_20260908_130229_684,0.6660602688789368,1,0.724
slide_20260908_130229_684,0.6163457036018372,1,0.83
slide_20260908_130229_684,0.6011318564414978,0,0.0
slide_20260908_130229_684,0.5846433639526367,0,0.0
slide_20260908_130229_684,0.19684383273124695,0,0.0
slide_20260908_130229_684,0.12027010321617126,0,0.0
slide_20260908_130229_684,0.02839159220457077,0,0.0
slide_20260908_130319_808,0.8034611940383911,1,0.917
slide_20260908_130319_808,0.786236584186554,1,0.863
slide_20260908_130319_808,0.5786888599395752,0,0.0
slide_20260908_130402_847,0.7635109424591064,1,0.94
slide_20260908_130503_156,0.7532385587692261,1,0.82
slide_20260908_130606_595,0.7359693646430969,1,0.827
slide_20260908_130625_727,0.7545837759971619,1,0.891
slide_20260908_130638_823,0.8239924311637878,1,0.825
slide_20260908_130724_842,0.8017500638961792,1,0.778
slide_20260908_130724_842,0.7721800208091736,1,0.931
slide_20260908_130748_394,0.5940702557563782,1,0.839
slide_20260908_130748_394,0.01873885653913021,0,0.0
slide_20260908_130806_357,0.8124669790267944,1,0.805
slide_20260908_130831_813,0.8306660056114197,1,0.969
slide_20260908_130831_813,0.8055960536003113,1,0.782
slide_20260908_130831_813,0.7971193194389343,1,0.862
slide_20260908_130900_782,0.8233087658882141,1,0.794
slide_20260908_130934_272,0.8421539664268494,1,0.87
slide_20260908_130953_693,0.8145737051963806,1,0.817
slide_20260908_130953_693,0.5767279863357544,0,0.0
slide_20260908_131040_207,0.5486322641372681,1,0.856
slide_20260908_131040_207,0.5415529012680054,1,0.869
slide_20260908_131123_299,0.809401273727417,1,0.923
slide_20260908_131147_429,0.8169135451316833,1,0.781
slide_20260908_131204_668,0.7827200293540955,1,0.829
slide_20260908_131204_668,0.7241778373718262,1,0.837
slide_20260908_131204_668,0.05819317698478699,0,0.0
slide_20260908_131223_132,0.8233369588851929,1,0.944
slide_20260908_131241_596,0.8151004314422607,1,0.887
slide_20260908_131241_596,0.7470951080322266,1,0.886
slide_20260908_131310_432,0.15734437108039856,1,0.902
slide_20260908_131324_455,0.6735990047454834,1,0.877
slide_20260908_141402_806,0.6815405488014221,1,0.734
slide_20260908_141429_734,0.8379349708557129,1,0.919
slide_20260908_141429_734,0.766453742980957,1,0.888
slide_20260908_141458_626,0.7330568432807922,1,0.766
slide_20260908_141532_163,0.779634416103363,1,0.833
slide_20260908_141532_163,0.5294317007064819,0,0.0
slide_20260908_141532_163,0.0672067403793335,0,0.0
slide_20260908_141601_927,0.5784973502159119,1,0.766
slide_20260908_141623_734,0.8291329145431519,1,0.882
slide_20260908_141657_120,0.7181331515312195,0,0.0
slide_20260908_141657_120,0.6918681859970093,1,0.879
slide_20260908_141657_120,0.4743306040763855,1,0.773
slide_20260908_141743_254,0.8226350545883179,1,0.815
slide_20260908_141743_254,0.806029736995697,1,0.741
slide_20260908_141820_771,0.795629620552063,1,0.909
slide_20260908_141820_771,0.014644444920122623,0,0.0
slide_20260908_141846_095,0.8523632287979126,1,0.734
slide_20260908_141920_198,0.8008197546005249,1,0.942
slide_20260908_141944_044,0.824318528175354,1,0.84
slide_20260908_142007_695,0.808350682258606,1,0.926
slide_20260908_142037_352,0.7897177934646606,1,0.86
slide_20260908_142104_425,0.6899259090423584,1,0.851
slide_20260908_142137_203,0.798115611076355,1,0.894
slide_20260908_160017_865,0.7838614583015442,1,0.844
slide_20260908_160053_113,0.8180217146873474,1,0.728
slide_20260908_160125_684,0.786571741104126,1,0.846
slide_20260908_160152_673,0.8114969730377197,1,0.926
slide_20260908_160242_363,0.7302125692367554,1,0.849
slide_20260908_160242_363,0.01575855165719986,1,0.59
slide_20260908_160331_394,0.8172706365585327,1,0.906
slide_20260908_160423_437,0.8030728101730347,1,0.945
slide_20260908_160521_734,0.8616290092468262,1,0.771
slide_20260908_160521_734,0.8018649220466614,1,0.724
slide_20260908_160521_734,0.7883159518241882,1,0.883
slide_20260908_160521_734,0.5858852863311768,1,0.769
slide_20260908_160614_717,0.7907676696777344,1,0.906
slide_20260908_160614_717,0.7003784775733948,1,0.825
slide_20260908_160647_746,0.8236643671989441,1,0.865
slide_20260908_160647_746,0.04076969623565674,0,0.0
slide_20260908_160728_866,0.8430976271629333,1,0.698
slide_20260908_160728_866,0.01883815787732601,0,0.0
slide_20260908_160801_677,0.834327757358551,1,0.906
slide_20260908_160801_677,0.8305779695510864,1,0.891
slide_20260908_160843_147,0.8195221424102783,1,0.883
slide_20260908_160843_147,0.8179087042808533,1,0.908
slide_20260908_160843_147,0.8131747245788574,1,0.872
slide_20260908_160934_958,0.793346107006073,1,0.905
slide_20260908_160934_958,0.7130754590034485,1,0.806
slide_20260908_161015_597,0.7336446046829224,1,0.803
slide_20260908_161101_205,0.7571314573287964,1,0.786
slide_20260908_161200_134,0.8220123648643494,1,0.908
slide_20260908_161233_127,0.6865070462226868,1,0.852
slide_20260908_161309_241,0.7958651185035706,1,0.828
slide_20260908_161309_241,0.7926051020622253,1,0.877
slide_20260908_161309_241,0.5543093085289001,0,0.0
slide_20260908_161343_086,0.7604800462722778,1,0.909
slide_20260908_161343_086,0.7137882709503174,1,0.872
slide_20260908_161440_325,0.8727294206619263,1,0.811
slide_20260908_161440_325,0.8138269782066345,1,0.912
slide_20260908_161440_325,0.09676382690668106,0,0.0
slide_20260908_161513_164,0.8074555993080139,1,0.81
slide_20260908_161513_164,0.13781364262104034,1,0.691
slide_20260908_161513_164,0.10408037155866623,0,0.0
slide_20260908_161558_230,0.8254004120826721,1,0.932
slide_20260908_161655_808,0.8045047521591187,1,0.89
slide_20260908_161655_808,0.7820577025413513,1,0.838
slide_20260908_161655_808,0.614318311214447,1,0.874
slide_20260908_161734_535,0.786577045917511,1,0.807
slide_20260908_161734_535,0.5223983526229858,0,0.0
slide_20260908_161734_535,0.012278490699827671,0,0.0
slide_20260908_161828_136,0.7864686846733093,1,0.863
slide_20260908_161828_136,0.050798699259757996,1,0.803
slide_20260908_161828_136,0.040729571133852005,1,0.868
slide_20260908_161828_136,0.01770273596048355,0,0.0
